video_id,title,playlist_count,playlist_ids,playlist_titles,metadata_course_code,playlist_course_code,final_course_code,metadata_domain,playlist_domain,final_domain
--Zi_cn4kPE,Laser fundamentals I: Spectrum of laser light | MIT Video Demonstrations in Lasers and Optics,1,PL4E7FAAD67B171EBC,MIT RES.6-006 Video Demonstrations in Lasers and Optics,unresolved,RES.6-006,RES.6-006,physics,physics,physics
--lPz7VFnKI,"Lec 39 | MIT 18.01 Single Variable Calculus, Fall 2007",1,PL590CCC2BC5AF3BC1,"MIT 18.01 Single Variable Calculus, Fall 2006",18.01,18.01,18.01,mathematics_statistics,mathematics_statistics,mathematics_statistics
-05tcR4izaw,Seminar 3: Jessica Sommerville - Infants' Sensitivity to Cost and Benefit,1,PLUl4u3cNGP61RTZrT3MIAikp2G5EEvTjf,"MIT RES.9-003 Brains, Minds and Machines Summer Course, Summer 2015",RES.9-003,RES.9-003,RES.9-003,biology_medicine_neuroscience,biology_medicine_neuroscience,biology_medicine_neuroscience
-0_vZ4t-q0I,"Linear ODE's with Periodic Input | MIT 18.03SC Differential Equations, Fall 2011",1,PL64BDFBDA2AF24F7E,"MIT 18.03SC Differential Equations, Fall 2011",18.03SC,18.03SC,18.03SC,mathematics_statistics,mathematics_statistics,mathematics_statistics
-0pzpXHq_io,L13.8 A Simple Example,1,PLUl4u3cNGP60hI9ATjSFgLZpbNJ7myAg6,"MIT RES.6-012 Introduction to Probability, Spring 2018",RES.6-012,RES.6-012,RES.6-012,mathematics_statistics,mathematics_statistics,mathematics_statistics
-1BnXEwHUok,4. Stochastic Thinking,1,PLUl4u3cNGP619EG1wp0kT-7rDE_Az5TNd,"MIT 6.0002 Introduction to Computational Thinking and Data Science, Fall 2016",6.0002,6.0002,6.0002,computer_science_ai_data,computer_science_ai_data,computer_science_ai_data
-2d9XooPwHo,"18. Hearing loss; demo by Sheila Xu, cochlear implant user",1,PLUl4u3cNGP63Wy1oqQW2oD2HBdDSY8Ghi,"MIT 9.04 Sensory Systems, Fall 2013",9.04,9.04,9.04,biology_medicine_neuroscience,biology_medicine_neuroscience,biology_medicine_neuroscience
-3ixsZ7fBUI,Student Interview: Miriam Prosnitz,1,PLUl4u3cNGP61V4W6yRm1Am5zI94m33dXk,"MIT CMS.611J Creating Video Games, Fall 2014",CMS.611J,CMS.611J,CMS.611J,education_communication_media,education_communication_media,education_communication_media
-3tiysis4BM,Lec 6 | Special Topics in Supply Chain Management,1,PLF9071540F59BA1F0,MIT ESD.290 Special Topics in Supply Chain Management,unresolved,ESD.290,ESD.290,economics_business_management,economics_business_management,economics_business_management
-4C9-OgKLCY,What Cameras Can Do for You… and How They Do It!,1,PLUl4u3cNGP615HAaYHGj9xugSAQay06Je,"MIT RES.2-006 Girls Who Build Cameras, Summer 2016",RES.2-006,RES.2-006,RES.2-006,unresolved,unresolved,unresolved
-56G36H8BvY,Instructor Interview: Teaching Heritage Learners in a Streamlined Language Course,1,PLUl4u3cNGP61o86bXQPx7oCAHDrkt316Y,"How We Teach: MIT 21G.107 Chinese I (Streamlined), Fall 2014",21G.107,21G.107,21G.107,unresolved,unresolved,unresolved
-5XT0Mzl72E,Lec 7 | MIT 14.01SC Principles of Microeconomics,1,PL61533C166E8B0028,MIT 14.01SC Principles of Microeconomics,14.01SC,14.01SC,14.01SC,economics_business_management,economics_business_management,economics_business_management
-630YTQEuCI,S01.0 Mathematical Background Overview,1,PLUl4u3cNGP60hI9ATjSFgLZpbNJ7myAg6,"MIT RES.6-012 Introduction to Probability, Spring 2018",RES.6-012,RES.6-012,RES.6-012,mathematics_statistics,mathematics_statistics,mathematics_statistics
-63JXElqPaY,9. Verification and Validation,1,PLUl4u3cNGP60jIMmB53zl6awCKMnABhYx,"MIT 16.842 Fundamentals of Systems Engineering, Fall 2015",16.842,16.842,16.842,engineering,engineering,engineering
-6A59LiKUss,Lecture 16: Bayesian Games,1,PLUl4u3cNGP63quuKvMHCt3cmTmt0O2qpv,"MIT 14.12 Economic Applications of Game Theory, Fall 2025",14.12,14.12,14.12,economics_business_management,economics_business_management,economics_business_management
-7dYXCHtTFY,1. This Course and The U.S. Energy System,1,PLUl4u3cNGP62JKM25M14gy0qaHWx3QyjP,"MIT 15.031J Energy Decisions, Markets, Policies, Spring 2012",15.031J,15.031J,15.031J,economics_business_management,economics_business_management,economics_business_management
-8kB7xIdKSM,Lecture 18: Case Study in Reacting Gas Mixtures - Introducing the Nernst Equation,1,PLUl4u3cNGP61g-yRbJz4ghFPJLiok1HxX,"MIT 3.020 Thermodynamics of Materials, Spring 2021",3.020,3.020,3.020,engineering,engineering,engineering
-8mPXAsX3DY,The simplest quantum system,1,PLUl4u3cNGP60cspQn3N9dYRPiyVWDd80G,"MIT 8.04 Quantum Physics I, Spring 2016",8.04,8.04,8.04,physics,physics,physics
-AHhHlk8AbI,Biofuels Sub-task Presentation II,1,PL3C69700955EB813B,"MIT 22.033 Nuclear Systems Design Project, Fall 2011",22.033,22.033,22.033,engineering,engineering,engineering
-B96m5X2xCM,Lec 7 | MIT 3.320 Atomistic Computer Modeling of Materials,1,PL13CB8C2EDA4453ED,MIT 3.320 Atomistic Computer Modeling of Materials,3.320,3.320,3.320,engineering,engineering,engineering
-BYC6cNSO78,"Lec 19 | MIT Finite Element Procedures for Solids and Structures, Nonlinear Analysis",1,PL75C727EA9F6A0E8B,MIT Nonlinear Finite Element Analysis,unresolved,unresolved,unresolved,unresolved,unresolved,unresolved
-CASb3VeZRg,8. Macro Approaches to Consumption Smoothing and Risk Sharing,1,PLUl4u3cNGP63-t0r0aC3noJiIOmj33S_Q,"MIT 14.772 Development Economics: Macroeconomics, Spring 2013",14.772,14.772,14.772,economics_business_management,economics_business_management,economics_business_management
-CsEPYeSBsg,"Closest Point to the Origin | MIT 18.01SC Single Variable Calculus, Fall 2010",1,PL21BCE50ABFF029F1,MIT 18.01SC: Homework Help for Single Variable Calculus,18.01SC,18.01SC,18.01SC,mathematics_statistics,mathematics_statistics,mathematics_statistics
-Cve_SI6LQs,25. Neoliberalism and the End of History - Part 7: Human Rights and Voting Rights,1,PLUl4u3cNGP62ihmDWYj4LMPMdHBHiPa_7,"MIT 24.912 Introduction to Black Studies, Spring 2017",24.912,24.912,24.912,humanities_social_science,humanities_social_science,humanities_social_science
-D4GDdxJrpg,Laplace Equation,1,PLUl4u3cNGP63oTpyxCMLKt_JmB0WtSZfG,MIT Learn Differential Equations,RES.18-009,unresolved,RES.18-009,mathematics_statistics,unresolved,mathematics_statistics
-DP1i2ZU9gk,8. Object Oriented Programming,1,PLUl4u3cNGP63WbdFxL8giv4yhgdMGaZNA,6.0001 Introduction to Computer Science and Programming in Python. Fall 2016,6.0001,unresolved,6.0001,computer_science_ai_data,unresolved,computer_science_ai_data
-DwGrJ8JxDc,Recitation 9b: DNA Sequence Matching,1,PLUl4u3cNGP61Oq3tWYp6V_F-5jb5L2iHb,"MIT 6.006 Introduction to Algorithms, Fall 2011",6.006,6.006,6.006,computer_science_ai_data,computer_science_ai_data,computer_science_ai_data
-EQTVuAhSFY,"Lec 3 | MIT 6.046J / 18.410J Introduction to Algorithms (SMA 5503), Fall 2005",1,PL8B24C31197EC371C,"MIT 6.046J / 18.410J Introduction to Algorithms (SMA 5503),",6.046J,6.046J,6.046J,computer_science_ai_data,computer_science_ai_data,computer_science_ai_data
-EgKluVR2Ug,"Lec 19 | MIT 2.830J Control of Manufacturing Processes, S08",1,PL7CF97E01FDE7C51A,"MIT 2.830J, Control of Manufacturing Processes S08",2.830J,2.830J,2.830J,engineering,engineering,engineering
-FElVPKykgw,Recitation 10: Quiz 1 Review,1,PLUl4u3cNGP61Oq3tWYp6V_F-5jb5L2iHb,"MIT 6.006 Introduction to Algorithms, Fall 2011",6.006,6.006,6.006,computer_science_ai_data,computer_science_ai_data,computer_science_ai_data
-FHm2pQmiSM,1. Signals and Systems,1,PLUl4u3cNGP61kdPAOC7CzFjJZ8f1eMUxs,"MIT 6.003 Signals and Systems, Fall 2011",6.003,6.003,6.003,computer_science_ai_data,computer_science_ai_data,computer_science_ai_data
-Fd6JJ1Xkt4,17. Guest Lectures by Professional Designers,1,PLUl4u3cNGP63YWzCDORR965yCmHiCKF9Z,"MIT CMS.608 Game Design, Spring 2014",CMS.608,CMS.608,CMS.608,education_communication_media,education_communication_media,education_communication_media
-GXIkn_ecKY,Experimental Physics I: Final Presentation: Optical Trapping. Measuring the Boltzmann Constant.,1,PLUl4u3cNGP6393Jj6WMmNd1_pOs0UDq2R,"How We Teach: MIT 8.13-14 Experimental Physics I & II “Junior Lab”, Fall 2016 - Spring 2017",8.13,8.13,8.13,physics,physics,physics
-G_d3A0x_0Y,9.1.1 Welcome to Unit 9: An Introduction to Integer Optimization,1,PLUl4u3cNGP61Q_FSXJUGkDJs1SMj5teGq,"MIT 15.071 The Analytics Edge, Spring 2017",15.071,15.071,15.071,economics_business_management,economics_business_management,economics_business_management
-HJE0OYHTH4,"MIT 3.60 | Lec 6a: Symmetry, Structure, Tensor Properties of Materials",1,PL7E7E396BF006E209,"MIT 3.60 Symmetry, Structure & Tensor Properties of Material",3.60,3.60,3.60,engineering,engineering,engineering
-HPdmgS88Og,Lec20: Sociobiology,1,PLUl4u3cNGP63TbPEWYEKOq8yAN8mEP_5O,"MIT 9.20 Animal Behavior, Fall 2013",9.20,9.20,9.20,biology_medicine_neuroscience,biology_medicine_neuroscience,biology_medicine_neuroscience
-I-WA_kSkfA,13. Review: The visual and oculomotor systems,1,PLUl4u3cNGP63Wy1oqQW2oD2HBdDSY8Ghi,"MIT 9.04 Sensory Systems, Fall 2013",9.04,9.04,9.04,biology_medicine_neuroscience,biology_medicine_neuroscience,biology_medicine_neuroscience
-I6-wJuPXk4,10: Mid-Level Vision,1,PLUl4u3cNGP62-9RweyYBIpkqfo5dfcuS8,"MIT 9.35 Perception, Spring 2024",9.35,9.35,9.35,biology_medicine_neuroscience,biology_medicine_neuroscience,biology_medicine_neuroscience
-IWKPe6X6Vs,Genetics and Statistics,1,PLUl4u3cNGP62AgynOGHPVHTgncwak-EuP,MIT STEM Concept Videos,unresolved,unresolved,unresolved,unresolved,unresolved,unresolved
-J_xL4IGhJA,Lecture 1A: Overview and Introduction to Lisp,1,PLE18841CABEA24090,"MIT 6.001 Structure and Interpretation, 1986",6.001,6.001,6.001,computer_science_ai_data,computer_science_ai_data,computer_science_ai_data
-JtATRj2EG4,Assessing Learning through Student Talks,1,PLUl4u3cNGP6393Jj6WMmNd1_pOs0UDq2R,"How We Teach: MIT 8.13-14 Experimental Physics I & II “Junior Lab”, Fall 2016 - Spring 2017",8.13,8.13,8.13,physics,physics,physics
-KUXPcs2Di4,Ep. 3: Early Chemical Evolution,1,PLUl4u3cNGP62In5JXH39ct5JtXja3VGJJ,"MIT RES.8-007 Cosmic Origin of the Chemical Elements, Fall 2019",RES.8-007,RES.8-007,RES.8-007,engineering,engineering,engineering
-Km2237G0P8,Assessing Student Work Completed as Teams,1,PLUl4u3cNGP60jIMmB53zl6awCKMnABhYx,"MIT 16.842 Fundamentals of Systems Engineering, Fall 2015",16.842,16.842,16.842,engineering,engineering,engineering
-M8swpL-Ij8,DD.2.1 Position in the CM Frame,1,PLUl4u3cNGP61qDex7XslwNJ-xxxEFzMNV,"MIT 8.01SC Classical Mechanics, Fall 2016",8.01,8.01SC,8.01,physics,physics,physics
-MI0b4h3rS0,"Lec 15 | MIT 18.01 Single Variable Calculus, Fall 2007",1,PL590CCC2BC5AF3BC1,"MIT 18.01 Single Variable Calculus, Fall 2006",18.01,18.01,18.01,mathematics_statistics,mathematics_statistics,mathematics_statistics
-MJrb7xScbU,Student Video: 2D Brillouin Zones,1,PLUl4u3cNGP62EJXwSgoVRfh1tEiSc01bh,"MIT RES.3-004 Visualizing Materials Science, Fall 2017",RES.3-004,RES.3-004,RES.3-004,engineering,engineering,engineering
-OQn43ZA2EM,Lec 11 | MIT 4.125 Architecture Studio: Building in Landscap,1,PL687DF91F58142528,MIT 4.125 Architecture Studio: Building in Landscapes,4.125,4.125,4.125,architecture_urban_studies,architecture_urban_studies,architecture_urban_studies
-OduZBd1aHw,16.2.6 MMU Improvements,1,PLUl4u3cNGP62WVs95MNq3dQBqY2vGOtQ2,"MIT 6.004 Computation Structures, Spring 2017",6.004,6.004,6.004,computer_science_ai_data,computer_science_ai_data,computer_science_ai_data
-OeyjP2zri4,"Lecture 12: Syntax, Part 2",1,PLUl4u3cNGP63BZGNOqrF2qf_yxOjuG35j,"MIT 24.900 Introduction to Linguistics, Spring 2022",24.900,24.900,24.900,humanities_social_science,humanities_social_science,humanities_social_science
-Op1GLwFuV4,"Session 4, Part 1: Presenting Your Venture",1,PLUl4u3cNGP63EUNfnwrkgO2xxwYxNwRdI,"MIT 15.393 Nuts and Bolts of New Ventures, IAP 2025",15.393,15.393,15.393,economics_business_management,economics_business_management,economics_business_management
-P2opzekpX8,Lecture 3: Why Quantum Field Theory,1,PLUl4u3cNGP61AV6bhf4mB3tCyWQrI_uU5,"MIT 8.323 Relativistic Quantum Field Theory I, Spring 2023",8.323,8.323,8.323,physics,physics,physics
-PGcTRLh1u4,"Flux through surfaces | MIT 18.02SC Multivariable Calculus, Fall 2010",1,PLF07555F3CC669D01,MIT 18.02SC: Homework Help for Multivariable Calculus,18.02SC,18.02SC,18.02SC,mathematics_statistics,mathematics_statistics,mathematics_statistics
-Pg11JHzUTo,"Lecture 9: Phonology, Part 2",1,PLUl4u3cNGP63BZGNOqrF2qf_yxOjuG35j,"MIT 24.900 Introduction to Linguistics, Spring 2022",24.900,24.900,24.900,humanities_social_science,humanities_social_science,humanities_social_science
-PlloFeJ-ww,Lecture 23: The Birth of Particle Cosmology,1,PLUl4u3cNGP63bAfjGas3TuA4ZCPUtN6Xf,"MIT STS.042J Einstein, Oppenheimer, Feynman: Physics In The 20th Century, Fall 2020",STS.042J,STS.042J,STS.042J,physics,physics,physics
-QVENB3aEvY,"R8. Cart and Pendulum, Lagrange Method",1,PLUl4u3cNGP62esZEwffjMAsEMW_YArxYC,"MIT 2.003SC Engineering Dynamics, Fall 2011",2.003SC,2.003SC,2.003SC,engineering,engineering,engineering
-QcPo_DWJk4,R6. Greedy Algorithms,1,PLUl4u3cNGP6317WaSNfmCvGym2ucw3oGp,"MIT 6.046J Design and Analysis of Algorithms, Spring 2015",6.046J,6.046J,6.046J,computer_science_ai_data,computer_science_ai_data,computer_science_ai_data
-RRYZ-b9NpI,"Lecture 2 | MIT 6.832 Underactuated Robotics, Spring 2009",1,PL58F1D0056F04CF8C,"MIT 6.832 Underactuated Robotics, Spring 2009",6.832,6.832,6.832,computer_science_ai_data,computer_science_ai_data,computer_science_ai_data
-RqKDpeILyU,15.2.7 Worked Examples: Beta Junkyard,1,PLUl4u3cNGP62WVs95MNq3dQBqY2vGOtQ2,"MIT 6.004 Computation Structures, Spring 2017",6.004,6.004,6.004,computer_science_ai_data,computer_science_ai_data,computer_science_ai_data
-S5GwNe0xXg,Unit II: Lec 10 | MIT Calculus Revisited: Single Variable Calculus,1,PL3B08AE665AB9002A,MIT Calculus Revisited: Single Variable Calculus,unresolved,unresolved,unresolved,mathematics_statistics,unresolved,mathematics_statistics
-SHXUwpVgXU,10. UI and Usability,1,PLUl4u3cNGP61V4W6yRm1Am5zI94m33dXk,"MIT CMS.611J Creating Video Games, Fall 2014",CMS.611J,CMS.611J,CMS.611J,education_communication_media,education_communication_media,education_communication_media
-SUNntP3dWo,An Interdisciplinary Approach,1,PLUl4u3cNGP62ihmDWYj4LMPMdHBHiPa_7,"MIT 24.912 Introduction to Black Studies, Spring 2017",24.912,24.912,24.912,humanities_social_science,humanities_social_science,humanities_social_science
-T34yGp4T7A,L13.5 Forecast Revisions,1,PLUl4u3cNGP60hI9ATjSFgLZpbNJ7myAg6,"MIT RES.6-012 Introduction to Probability, Spring 2018",RES.6-012,RES.6-012,RES.6-012,mathematics_statistics,mathematics_statistics,mathematics_statistics
-U3-idg31L4,Winning SBIR Contracts,1,PLUl4u3cNGP63EUNfnwrkgO2xxwYxNwRdI,"MIT 15.393 Nuts and Bolts of New Ventures, IAP 2025",15.393,15.393,15.393,economics_business_management,economics_business_management,economics_business_management
-UJgxLaFzfM,Lecture 07: Applications of the Large Sieve to Number Theory,1,PLUl4u3cNGP62K9_7Pg26ytrAOXwXFpN43,"MIT 18.156 Projection Theory, Spring 2025",18.156,18.156,18.156,mathematics_statistics,mathematics_statistics,mathematics_statistics
-UdkFmZwUqA,Final Presentation for Sample Paper #1,1,PLUl4u3cNGP61w7rvtOxX_3LCvfB9RqzQm,"MIT 18.821 Project Laboratory in Mathematics, Spring 2013",18.821,18.821,18.821,mathematics_statistics,mathematics_statistics,mathematics_statistics
-UgQEHHXTRM,Group velocity and stationary phase approximation,1,PLUl4u3cNGP60cspQn3N9dYRPiyVWDd80G,"MIT 8.04 Quantum Physics I, Spring 2016",8.04,8.04,8.04,physics,physics,physics
-W8jzpw_TgE,Japanese Community Events,1,PLUl4u3cNGP61kz4wAgG77DjRf5bXhLJNv,"How We Teach: MIT 21G.503 Japanese III, Fall 2016",21G.503,21G.503,21G.503,humanities_social_science,unresolved,humanities_social_science
-WIAoAG4SyA,L0.1 Introduction to Nuclear and Particle Physics: Course Overview,1,PLUl4u3cNGP60Do91PdN978llIsvjKW0au,"MIT 8.701 Introduction to Nuclear and Particle Physics, Fall 2020",8.701,8.701,8.701,physics,physics,physics
-WapZQ_LwFM,9. Energy Use by Individuals and Households,1,PLUl4u3cNGP62JKM25M14gy0qaHWx3QyjP,"MIT 15.031J Energy Decisions, Markets, Policies, Spring 2012",15.031J,15.031J,15.031J,economics_business_management,economics_business_management,economics_business_management
-X04WJoTDBc,"Linear Transformations | MIT 18.06SC Linear Algebra, Fall 2011",0,,,18.06SC,unresolved,18.06SC,mathematics_statistics,unresolved,mathematics_statistics
-XGDKoWi0Zg,"Lecture 22: Auctions, Part 1",1,PLUl4u3cNGP62xkEY0YzLJSoquVBjPOl9S,"MIT 14.271 Industrial Organization I, Fall 2022",14.271,14.271,14.271,economics_business_management,economics_business_management,economics_business_management
-XKsFKIGjZ0,"New Balance® visita de la planta, parte 2",1,PLUl4u3cNGP60AdemEHcrL_HHdZA9QRCwQ,MIT Lean Enterprise en Español (RES.16-001),RES.16-001,unresolved,RES.16-001,unresolved,unresolved,unresolved
-XivhU1V6KY,Improving Early Physics Education,1,PLUl4u3cNGP6393Jj6WMmNd1_pOs0UDq2R,"How We Teach: MIT 8.13-14 Experimental Physics I & II “Junior Lab”, Fall 2016 - Spring 2017",8.13,8.13,8.13,physics,physics,physics
-Xwla4ZbWe8,Lecture 17: Alexandrov's Theorem,1,PLUl4u3cNGP62xuxL4CQpy8uo2MeM4a3YD,"MIT 6.849 Geometric Folding Algorithms, Fall 2012",6.849,6.849,6.849,computer_science_ai_data,computer_science_ai_data,computer_science_ai_data
-Y8pOF1AgUY,Spotlighting Contemporary Chemists,1,PLUl4u3cNGP63vgoqGQDciPo6V5TPI0u9r,How We Teach: 5.111SC Principles of Chemical Science,5.111,unresolved,5.111,engineering,unresolved,engineering
-Yt7LQ4k1IU,Airborne disease transmission in a well-mixed room: Airborne transmission rate,1,PLUl4u3cNGP62-vPzt_GMdZRflJPjNdspG,"MIT RES.10-S95 Physics of COVID-19 Transmission, Fall 2020",RES.10-S95,RES.10-S95,RES.10-S95,physics,physics,physics
-Z35m38qLd4,Lec 9: Supply and Demand & Consumer/Producer Surplus,1,PLUl4u3cNGP60V7HxLYRaJMbFzP77bzEjb,"MIT 14.01 Principles of Microeconomics, Fall 2023",14.01,14.01,14.01,economics_business_management,economics_business_management,economics_business_management
-Zg3fxOmjVs,12.2.4 Compiling a Procedure,1,PLUl4u3cNGP62WVs95MNq3dQBqY2vGOtQ2,"MIT 6.004 Computation Structures, Spring 2017",6.004,6.004,6.004,computer_science_ai_data,computer_science_ai_data,computer_science_ai_data
-agCn_nWztQ,"Lec 2 | MIT 18.085 Computational Science and Engineering I, Fall 2008",1,PLF706B428FB7BD52C,"MIT 18.085 Computational Science & Engineering I, Fall 2008",18.085,18.085,18.085,mathematics_statistics,mathematics_statistics,mathematics_statistics
-b0dFcebPcs,17.2 Worked Example - Center of Mass of 3 Objects,1,PLUl4u3cNGP61qDex7XslwNJ-xxxEFzMNV,"MIT 8.01SC Classical Mechanics, Fall 2016",8.01,8.01SC,8.01,physics,physics,physics
-bWtembpQjU,11.2.4 Compiler Frontend,1,PLUl4u3cNGP62WVs95MNq3dQBqY2vGOtQ2,"MIT 6.004 Computation Structures, Spring 2017",6.004,6.004,6.004,computer_science_ai_data,computer_science_ai_data,computer_science_ai_data
-bbZA_s0hR0,3. Chaplin,1,PL393CDB1EF90EADFA,"MIT 21L.011 The Film Experience, Fall 2007",21L.011,21L.011,21L.011,unresolved,unresolved,unresolved
-c-X8zk0ywo,1. The importance of chemical principles,1,PL2902385153144A26,"MIT 5.111 Principles of Chemical Science, Fall 2008",5.111,5.111,5.111,engineering,engineering,engineering
-cK1og4ElKE,"Lec 4 | MIT 9.00SC Introduction to Psychology, Spring 2011",1,PL44ABC9278E2EE706,"MIT 9.00SC Introduction to Psychology, Fall 2011",9.00SC,9.00SC,9.00SC,biology_medicine_neuroscience,biology_medicine_neuroscience,biology_medicine_neuroscience
-cZPoqnRZq4,"21. Post Trade Clearing, Settlement & Processing",1,PLUl4u3cNGP63UUkfL0onkxF6MYgVa04Fn,"MIT 15.S12 Blockchain and Money, Fall 2018",unresolved,unresolved,unresolved,unresolved,unresolved,unresolved
-dAgY_AMqGk,"8: Case Studies: Chernobyl, Three Mile Island",1,PLUl4u3cNGP61YF5HCMnGUwJ8D-PNNs3OR,"MIT ESD.932 Engineering Ethics, Spring 2006",ESD.932,ESD.932,ESD.932,unresolved,unresolved,unresolved
-dOX_4lI6HY,Lecture 13:  Interpreting Weather Data,1,PLUl4u3cNGP63cUdAG3v311Vl72ozOiK25,"MIT 16.687 Private Pilot Ground School, IAP 2019",16.687,16.687,16.687,engineering,engineering,engineering
-eA2D_rIcNA,LU Decomposition,1,PL221E2BBF13BECF6C,"MIT 18.06SC Linear Algebra, Fall 2011",18.06SC,18.06SC,18.06SC,mathematics_statistics,mathematics_statistics,mathematics_statistics
-eC0-5mXHQg,Lec 13. Representation Learning: Theory,1,PLUl4u3cNGP63URZnh5iqBzDTDYPUTQT-8,"MIT 6.7960 Deep Learning, Fall 2024",6.7960,6.7960,6.7960,computer_science_ai_data,computer_science_ai_data,computer_science_ai_data
-fCLJ1pGht4,"Lecture 11 | MIT 6.832 Underactuated Robotics, Spring 2009",1,PL58F1D0056F04CF8C,"MIT 6.832 Underactuated Robotics, Spring 2009",6.832,6.832,6.832,computer_science_ai_data,computer_science_ai_data,computer_science_ai_data
-fD51fZvZH8,10. The Universe and Three Examples | MIT 8.224 Exploring Black Holes,1,PL858478F1EC364A2C,MIT Exploring Black Holes: General Relativity & Astrophysics,8.224,unresolved,8.224,physics,unresolved,physics
-fhWuEt5yKc,Gravity,1,PLUl4u3cNGP62AgynOGHPVHTgncwak-EuP,MIT STEM Concept Videos,unresolved,unresolved,unresolved,unresolved,unresolved,unresolved
-gFz4HL_uhA,8. Cognition: How Do You Think? (audio only),1,PLUl4u3cNGP615Y1j9Ok3szAH5DxhFjTHo,"MIT 9.00 Introduction To Psychology, Fall 2004",unresolved,9.00,9.00,unresolved,biology_medicine_neuroscience,biology_medicine_neuroscience
-gRXU-O1FY4,"Lec 15b | MIT 6.002 Circuits and Electronics, Spring 2007",1,PL9F74AFA03AA06A11,"MIT 6.002 Circuits and Electronics, Spring 2007",6.002,6.002,6.002,computer_science_ai_data,computer_science_ai_data,computer_science_ai_data
-hgRkC_uUzU,L6.3 Weak Interactions: Pion Decay,1,PLUl4u3cNGP60Do91PdN978llIsvjKW0au,"MIT 8.701 Introduction to Nuclear and Particle Physics, Fall 2020",8.701,8.701,8.701,physics,physics,physics
-htdFMTbPvg,From Open Access to Educational Equity: An HBCU+MERLOT+MIT OCW Collaboration,1,PLUl4u3cNGP62M6ani90GCD9-KTYNYq3V1,From MIT Open Learning and OCW,unresolved,unresolved,unresolved,education_communication_media,unresolved,education_communication_media
-j7MoM3P_J8,4.8.1 Random Walks: Video,1,PLUl4u3cNGP60UlabZBeeqOuoLuj_KNphQ,"MIT 6.042J Mathematics for Computer Science, Spring 2015",6.042J,6.042J,6.042J,computer_science_ai_data,computer_science_ai_data,computer_science_ai_data
-jJz5OMmuP0,7. Multielectron Atoms,1,PLUl4u3cNGP63LOmB3_O0xbgZVZibxj4rb,"MIT 5.111 Principles of Chemical Science, Fall 2014",5.111,5.111,5.111,engineering,engineering,engineering
-jjUoTiaSHw,String Manipulations,1,PLUl4u3cNGP63WbdFxL8giv4yhgdMGaZNA,6.0001 Introduction to Computer Science and Programming in Python. Fall 2016,6.0001,unresolved,6.0001,computer_science_ai_data,unresolved,computer_science_ai_data
-k8WU-KB0rk,L04.2 The Counting Principle,1,PLUl4u3cNGP60hI9ATjSFgLZpbNJ7myAg6,"MIT RES.6-012 Introduction to Probability, Spring 2018",RES.6-012,RES.6-012,RES.6-012,mathematics_statistics,mathematics_statistics,mathematics_statistics
-kD4LUyVmQ0,Chapter 9.4.1 (demo only): Measurement of B-H Characteristic,1,PL74058E54264993C8,"Electromagnetic Fields & Energy, Textbook Components w Video",unresolved,unresolved,unresolved,unresolved,unresolved,unresolved
-kkocTdn0iY,"Ted Carr Guest Lecture | MIT MAS.771: Autism Theory and Technology, Spring 2011",0,,,MAS.771,unresolved,MAS.771,biology_medicine_neuroscience,unresolved,biology_medicine_neuroscience
-l9SfGuZJYE,"6. Ellen Swallow Richards, Part 2",1,PLUl4u3cNGP63ZhyqhOGKbSBzcOovEbb6y,"MIT 5.310 Laboratory Chemistry, Fall 2019",5.310,5.310,5.310,unresolved,unresolved,unresolved
-m9khFwO970,Lecture 23: Thomson Scattering: Advanced,1,PLUl4u3cNGP61wK-NwYKZMuABl_eHBmhu4,"MIT 22.67J Principles of Plasma Diagnostics, Fall 2023",22.67J,22.67J,22.67J,engineering,engineering,engineering
-mW-DYFyGqg,1.2.1 The Analytics Edge - Video 1: Introduction to The Analytics Edge,1,PLUl4u3cNGP61Q_FSXJUGkDJs1SMj5teGq,"MIT 15.071 The Analytics Edge, Spring 2017",15.071,15.071,15.071,economics_business_management,economics_business_management,economics_business_management
-mrxN8XcQOQ,"15. Physics of D-branes, Part III",1,PLUl4u3cNGP633VWvZh23bP6dG80gW34SU,"MIT 8.821 String Theory and Holographic Duality, Fall 2014",8.821,8.821,8.821,physics,physics,physics
-n0cXgPSwOw,"Lecture 21: Relative Orientation, Binocular Stereo, Structure, Quadrics, Calibration, Reprojection",1,PLUl4u3cNGP63pfpS1gV5P9tDxxL_e4W8O,"MIT 6.801 Machine Vision, Fall 2020",6.801,6.801,6.801,computer_science_ai_data,computer_science_ai_data,computer_science_ai_data
-nAt3BJQ2xY,Beyond the well-mixed room: Social distancing,1,PLUl4u3cNGP62-vPzt_GMdZRflJPjNdspG,"MIT RES.10-S95 Physics of COVID-19 Transmission, Fall 2020",RES.10-S95,RES.10-S95,RES.10-S95,physics,physics,physics
-pMowqywuIY,L1.3 Calculating the energy corrections,1,PLUl4u3cNGP60Zcz8LnCDFI8RPqRhJbb4L,"MIT 8.06 Quantum Physics III, Spring 2018",8.06,8.06,8.06,physics,physics,physics
-pb3z2w9gDg,1. Introduction to 'The Society of Mind',1,PLUl4u3cNGP61E-vNcDV0w5xpsIBYNJDkU,"MIT 6.868J The Society of Mind, Fall 2011",6.868J,6.868J,6.868J,computer_science_ai_data,computer_science_ai_data,computer_science_ai_data
-pr1TLyPyDw,"Integrals with density | MIT 18.02SC Multivariable Calculus, Fall 2010",1,PLF07555F3CC669D01,MIT 18.02SC: Homework Help for Multivariable Calculus,18.02SC,18.02SC,18.02SC,mathematics_statistics,mathematics_statistics,mathematics_statistics
-qCEoqpwjf4,6. Discrete Random Variables II,2,PLUl4u3cNGP60A3XMwZ5sep719_nh95qOe | PLUl4u3cNGP61MdtwGTqZA0MreSaDybji8,"MIT 6.041SC Probabilistic Systems Analysis and Applied Probability, Fall 2013 | 6.041 Probabilistic Systems Analysis and Applied Probability",6.041,6.041SC,6.041,computer_science_ai_data,computer_science_ai_data,computer_science_ai_data
-qwVo9RrMl4,Wire Drawing (Intro to Solid-State Chemistry),1,PLUl4u3cNGP61q4qJ1vdkBbiWn3AF1q5SQ,“Why This Matters” Moments: Highlights from 3.091 Intro to Solid-State Chemistry,3.091,unresolved,3.091,engineering,unresolved,engineering
-r0hWGcNLSI,Lecture 4: Power Factor,1,PLUl4u3cNGP62UTc77mJoubhDELSC8lfR0,"MIT 6.622 Power Electronics, Spring 2023",6.622,6.622,6.622,computer_science_ai_data,computer_science_ai_data,computer_science_ai_data
-sfaHVFWBU8,Lecture 22: The Spectral Theorem for a Compact Self-Adjoint Operator,1,PLUl4u3cNGP63micsJp_--fRAjZXPrQzW_,"MIT 18.102 Introduction to Functional Analysis, Spring 2021",18.102,18.102,18.102,mathematics_statistics,mathematics_statistics,mathematics_statistics
-to-7OIJyQ0,Lecture 1.5: The Molecules of Life — Nucleic Acid Polarity,1,PLUl4u3cNGP629Egng0HfgRJfXBNTPw1le,"MIT OLL: Getting up to Speed in Biology, Summer 2020",unresolved,unresolved,unresolved,unresolved,unresolved,unresolved
-uEwMV9DHZo,"Lec 20 | MIT 5.112 Principles of Chemical Science, Fall 2005",1,PLB3953F4F875AB0B3,"MIT 5.112 Principles of Chemical Science, Fall 2005",5.112,5.112,5.112,engineering,engineering,engineering
-wDIDaTtRwU,Lecture 13: Introduction to Ideal (Gas) Mixtures,1,PLUl4u3cNGP61g-yRbJz4ghFPJLiok1HxX,"MIT 3.020 Thermodynamics of Materials, Spring 2021",3.020,3.020,3.020,engineering,engineering,engineering
-wyc5FwzkcM,Lecture 20: Fitness Tracker Object-Oriented Programming Example,1,PLUl4u3cNGP62A-ynp6v6-LGBCzeH3VAQB,"MIT 6.100L Introduction to CS and Programming using Python, Fall 2022",6.100L,6.100L,6.100L,computer_science_ai_data,computer_science_ai_data,computer_science_ai_data
-wz4iU2V-Yo,Errors,1,PLUl4u3cNGP63WbdFxL8giv4yhgdMGaZNA,6.0001 Introduction to Computer Science and Programming in Python. Fall 2016,6.0001,unresolved,6.0001,computer_science_ai_data,unresolved,computer_science_ai_data
-xJjrPmguxI,"Lec 25 | MIT 5.111 Principles of Chemical Science, Fall 2005",1,PL97C9F1933E17AB45,"MIT 5.111 Principles of Chemical Science, Fall 2005",5.111,5.111,5.111,engineering,engineering,engineering
-yIKKST-_Mw,14. The Geodesic Equation,1,PLUl4u3cNGP61Bf9I0WDDriuDqEnywoxra,"MIT 8.286 The Early Universe, Fall 2013",8.286,8.286,8.286,physics,physics,physics
-yfdG4BRFBY,Becoming the Next Bill Nye,1,PLUl4u3cNGP61PvFQDWp8FW_1iMgBf6LCY,"MIT 20.219 Becoming the Next Bill Nye: Writing and Hosting the Educational Show, IAP 2015",20.219,20.219,20.219,biology_medicine_neuroscience,biology_medicine_neuroscience,biology_medicine_neuroscience
-yo3YxfY47g,4.7.1 Law Of Large Numbers: Video,1,PLUl4u3cNGP60UlabZBeeqOuoLuj_KNphQ,"MIT 6.042J Mathematics for Computer Science, Spring 2015",6.042J,6.042J,6.042J,computer_science_ai_data,computer_science_ai_data,computer_science_ai_data
0-6a1SuihXM,"Powers of a Matrix | MIT 18.06SC Linear Algebra, Fall 2011",0,,,18.06SC,unresolved,18.06SC,mathematics_statistics,unresolved,mathematics_statistics
00ERnGKqzrQ,Lec 20 | MIT 18.085 Computational Science and Engineering I,1,PL51CACD5B1F58C40C,"MIT 18.085 Computational Science & Engineering I, Fall 2007",18.085,18.085,18.085,mathematics_statistics,mathematics_statistics,mathematics_statistics
00KTZ7t_rWw,12.2.3 Stack Frame Organization,1,PLUl4u3cNGP62WVs95MNq3dQBqY2vGOtQ2,"MIT 6.004 Computation Structures, Spring 2017",6.004,6.004,6.004,computer_science_ai_data,computer_science_ai_data,computer_science_ai_data
00LNy0Q_i6c,"Lec 13 | MIT 7.012 Introduction to Biology, Fall 2004",1,PL9F0B2048DA4690AF,"MIT 7.012 Introduction to Biology, Fall 2004",7.012,7.012,7.012,biology_medicine_neuroscience,biology_medicine_neuroscience,biology_medicine_neuroscience
00PK6cUCbnU,9. Perturbative Renormalization Group Part 1,1,PLUl4u3cNGP63HkEHvYaNJiO0UCUmY0Ts7,"MIT 8.334 Statistical Mechanics II, Spring 2014",8.334,8.334,8.334,physics,physics,physics
00krscK7iBA,L20.10 Maximum Likelihood Estimation Examples,1,PLUl4u3cNGP60hI9ATjSFgLZpbNJ7myAg6,"MIT RES.6-012 Introduction to Probability, Spring 2018",RES.6-012,RES.6-012,RES.6-012,mathematics_statistics,mathematics_statistics,mathematics_statistics
02NyrrxEGqM,Day 5: Storyteller’s Toolkit Pt. III: Visual Storytelling & Realizing Vision; Part 4,1,PLUl4u3cNGP61PvFQDWp8FW_1iMgBf6LCY,"MIT 20.219 Becoming the Next Bill Nye: Writing and Hosting the Educational Show, IAP 2015",20.219,20.219,20.219,biology_medicine_neuroscience,biology_medicine_neuroscience,biology_medicine_neuroscience
02wEjlKtxKw,"13. Ion Implantation and Annealing - Physics of E Loss, Damage, Introduction to TED",1,PLUl4u3cNGP61IMhYaHL_x-RzNUIDJD9XK,"MIT 6.774 Physics of Microfabrication: Front End Processing, Fall 2004",6.774,6.774,6.774,computer_science_ai_data,computer_science_ai_data,computer_science_ai_data
03CJMrAP4vc,Lesson 2: Part 3 - Cooking Instruction,1,PLUl4u3cNGP62GsvB-6EwEE0F0frXtyhYq,"MIT ES.S41 Speak Italian With Your Mouth Full, Spring 2012",unresolved,unresolved,unresolved,unresolved,unresolved,unresolved
03bVGr-vYHQ,Causes and Consequences of Stochastic Gene Expression,1,PLUl4u3cNGP63OI3pSKo8Ha_DFBMxm23xO,"MIT 8.591J Systems Biology, Fall 2014",8.591J,8.591J,8.591J,physics,physics,physics
046HoQGN5F4,18. PK and NRP Synthases 4,1,PLUl4u3cNGP63vvR4xtexZdoPywRYIZI0-,"MIT 5.08J Biological Chemistry II, Spring 2016",5.08J,5.08J,5.08J,biology_medicine_neuroscience,biology_medicine_neuroscience,biology_medicine_neuroscience
047B4UrEaNw,Lecture 23: Expectation and Variance,1,PLUl4u3cNGP61VNvICqk2HXJTonnKgAc9d,"MIT 6.1200J Mathematics for Computer Science,  Spring 2024",6.1200J,6.1200J,6.1200J,computer_science_ai_data,computer_science_ai_data,computer_science_ai_data
05DWB1NzozM,9.2.7 Sports Scheduling - Video 4: Logical Constraints,1,PLUl4u3cNGP61Q_FSXJUGkDJs1SMj5teGq,"MIT 15.071 The Analytics Edge, Spring 2017",15.071,15.071,15.071,economics_business_management,economics_business_management,economics_business_management
080BGpawP3I,22. Development 2,1,PLUl4u3cNGP60xwJdwhP6Ado1IbQjvLsPD,"MIT 7.013 Introductory Biology, Spring 2011",7.013,7.013,7.013,biology_medicine_neuroscience,biology_medicine_neuroscience,biology_medicine_neuroscience
08Ih9GGB5-c,1.2.5 The Analytics Edge - Video 5: Example 4 - D2Hawkeye,1,PLUl4u3cNGP61Q_FSXJUGkDJs1SMj5teGq,"MIT 15.071 The Analytics Edge, Spring 2017",15.071,15.071,15.071,economics_business_management,economics_business_management,economics_business_management
09mb78oiPkA,"10. Introduction to Learning, Nearest Neighbors",1,PLUl4u3cNGP63gFHB6xb-kVBiQHYe_4hSi,"MIT 6.034 Artificial Intelligence, Fall 2010",6.034,6.034,6.034,computer_science_ai_data,computer_science_ai_data,computer_science_ai_data
0_w-R_g5lRA,Lecture 10: The Completeness of the Real Numbers and Basic Properties of Infinite Series,1,PLUl4u3cNGP61O7HkcF7UImpM0cR_L2gSw,"MIT 18.100A Real Analysis, Fall 2020",18.100A,18.100A,18.100A,mathematics_statistics,mathematics_statistics,mathematics_statistics
_-gQchCLmXk,Lecture 9: Machine-learning Approach,1,PLUl4u3cNGP613PJMNmRjAIdBr76goU1V5,"MIT HST.512 Genomic Medicine, Spring 2004",HST.512,HST.512,HST.512,unresolved,biology_medicine_neuroscience,biology_medicine_neuroscience
_09ziyzbinY,Lecture 9: Negotiation,1,PLUl4u3cNGP63quuKvMHCt3cmTmt0O2qpv,"MIT 14.12 Economic Applications of Game Theory, Fall 2025",14.12,14.12,14.12,economics_business_management,economics_business_management,economics_business_management
_0LtZx6epcg,"Lec 21 | MIT 6.013 Electromagnetics and Applications, Fall 2",1,PL502E7BF2CF94D753,"MIT 6.013 Electromagnetics and Applications, Fall 2005",6.013,6.013,6.013,computer_science_ai_data,computer_science_ai_data,computer_science_ai_data
_0PrwAbgoMA,10.1 Circular Motion - Acceleration,1,PLUl4u3cNGP61qDex7XslwNJ-xxxEFzMNV,"MIT 8.01SC Classical Mechanics, Fall 2016",8.01,8.01SC,8.01,physics,physics,physics
_3WDzxt5p8c,1.4.4 Truth Tables: Video,1,PLUl4u3cNGP60UlabZBeeqOuoLuj_KNphQ,"MIT 6.042J Mathematics for Computer Science, Spring 2015",6.042J,6.042J,6.042J,computer_science_ai_data,computer_science_ai_data,computer_science_ai_data
_3lU2LDQdUU,Collaboration: Introduction to Git/Github,1,PLUl4u3cNGP60Ir_IGI7XgyzJ_fy06n6AP,"MIT RES.3-002 Collaborative Design & Creative Expression, IAP17",RES.3-002,RES.3-002,RES.3-002,unresolved,unresolved,unresolved
_40zvhkmtM8,"Lec 12 | MIT 6.172 Performance Engineering of Software Systems, Fall 2010",1,PLD2AE32F507F10481,MIT 6.172 Performance Engineering of Software Systems,6.172,6.172,6.172,computer_science_ai_data,computer_science_ai_data,computer_science_ai_data
_4m8hYQ3cR0,Lecture 21: Integrals and Derivatives under Uniform Convergence,1,PLUl4u3cNGP62Ie7F_tTAhhXoX5_Cl8meG,"MIT 18.100B Real Analysis, Spring 2025",18.100B,18.100B,18.100B,mathematics_statistics,mathematics_statistics,mathematics_statistics
_4u9W1xOuts,Advanced 1. Incremental Path Planning,1,PLUl4u3cNGP62Bkdzwe7caTZC7soj7ZYvk,"MIT 16.412J Cognitive Robotics, Spring 2016",16.412J,16.412J,16.412J,engineering,engineering,engineering
_5fpxkVFQUw,"Del and the product rule | MIT 18.02SC Multivariable Calculus, Fall 2010",1,PLF07555F3CC669D01,MIT 18.02SC: Homework Help for Multivariable Calculus,18.02SC,18.02SC,18.02SC,mathematics_statistics,mathematics_statistics,mathematics_statistics
_62YvNU_yOM,Valuing Teachers from the Diaspora,1,PLUl4u3cNGP62-sHzh435NhKGnwOkPYk36,"MIT 24.908 Creole Language and Caribbean Identities, Spring 2017",24.908,24.908,24.908,humanities_social_science,humanities_social_science,humanities_social_science
_75zfIar62c,24. Holographic Entanglement Entropy,1,PLUl4u3cNGP633VWvZh23bP6dG80gW34SU,"MIT 8.821 String Theory and Holographic Duality, Fall 2014",8.821,8.821,8.821,physics,physics,physics
_7JPHNCT1Qo,23.4 Potential Energy of a Spring,1,PLUl4u3cNGP61qDex7XslwNJ-xxxEFzMNV,"MIT 8.01SC Classical Mechanics, Fall 2016",8.01,8.01SC,8.01,physics,physics,physics
_7qq1JYj2kM,"Lec 11 | MIT 6.450 Principles of Digital Communications I, Fall 2006",1,PL2AD004D035C24F21,"MIT 6.450 Principles of Digital Communications, I Fall 2006",6.450,6.450,6.450,computer_science_ai_data,computer_science_ai_data,computer_science_ai_data
_7vVBtiVXIw,Second fundamental theorem and quadratic approximation | MIT 18.01SC Single Variable Calculus,1,PL21BCE50ABFF029F1,MIT 18.01SC: Homework Help for Single Variable Calculus,18.01SC,18.01SC,18.01SC,mathematics_statistics,mathematics_statistics,mathematics_statistics
_85xTt0cU3s,L2.4 Degenerate Perturbation Theory: Leading energy corrections,1,PLUl4u3cNGP60Zcz8LnCDFI8RPqRhJbb4L,"MIT 8.06 Quantum Physics III, Spring 2018",8.06,8.06,8.06,physics,physics,physics
_8TPfNfgH0I,"Light Propagation in Sub-wavelength Modulated Media | MIT 2.71 Optics, Spring 2009",1,PLEA084AC2DD3CEC09,"MIT 2.71 Optics, Spring 2009",2.71,2.71,2.71,engineering,engineering,engineering
_AWFPw0Hu-Y,Lecture 2: Thermoelectric effect and thermoelectric devices,1,PLUl4u3cNGP62sv7_wYRKqvf1HsL4p54Kj,"MIT 2.997 Direct Solar/Thermal To Electrical Energy Conversion Technologies, Fall 2009",2.997,2.997,2.997,engineering,engineering,engineering
_CTZDDFaE5A,Lec 14 | MIT 3.320 Atomistic Computer Modeling of Materials,1,PL13CB8C2EDA4453ED,MIT 3.320 Atomistic Computer Modeling of Materials,3.320,3.320,3.320,engineering,engineering,engineering
_CUXbDB0bUU,The Purpose of the American Corporation,1,PLUl4u3cNGP61Iarlv9eLlXmTMybRZR1-1,"MIT RES.15-003 Shaping the Future of Work, Spring 2016",RES.15-003,RES.15-003,RES.15-003,unresolved,unresolved,unresolved
_CdoRiNSrqI,"Lec 23: Flux; normal form of Green's theorem | MIT 18.02 Multivariable Calculus, Fall 2007",1,PL4C4C8A7D06566F38,"MIT 18.02 Multivariable Calculus, Fall 2007",18.02,18.02,18.02,mathematics_statistics,mathematics_statistics,mathematics_statistics
_CovlKXmuWo,"Lec 2 | MIT 7.012 Introduction to Biology, Fall 2004",1,PL9F0B2048DA4690AF,"MIT 7.012 Introduction to Biology, Fall 2004",7.012,7.012,7.012,biology_medicine_neuroscience,biology_medicine_neuroscience,biology_medicine_neuroscience
_DHlhTrlDxc,12. EM Waves: Reflection at a Single Interface,1,PLUl4u3cNGP63jpW5Wg3MpmJIei_PCS_03,"MIT 2.57 Nano-to-Micro Transport Processes, Spring 2012",2.57,2.57,2.57,engineering,engineering,engineering
_DbUa8w0W74,Instructor Interview: Course History,1,PLUl4u3cNGP61gxUNrwFXIyIKheQEPqSMc,How We Teach: MIT 6.811 Principles and Practice of Assistive Technology,6.811,6.811,6.811,computer_science_ai_data,computer_science_ai_data,computer_science_ai_data
_EtlZAMQ2gc,7.4.3 R7. Visualization - Video 2: Pie Charts,1,PLUl4u3cNGP61Q_FSXJUGkDJs1SMj5teGq,"MIT 15.071 The Analytics Edge, Spring 2017",15.071,15.071,15.071,economics_business_management,economics_business_management,economics_business_management
_FATUw506mE,Separable Equations,1,PLUl4u3cNGP63oTpyxCMLKt_JmB0WtSZfG,MIT Learn Differential Equations,RES.18-009,unresolved,RES.18-009,mathematics_statistics,unresolved,mathematics_statistics
_FTcvxwOFwA,Lecture 11: Regulating the Tech Giants,1,PLUl4u3cNGP62xkEY0YzLJSoquVBjPOl9S,"MIT 14.271 Industrial Organization I, Fall 2022",14.271,14.271,14.271,economics_business_management,economics_business_management,economics_business_management
_FTwuE36SUA,13. Vehicle Scheduling,1,PLUl4u3cNGP62AU7iNniqVoMl8C64tIOVk,"MIT 1.258J Public Transportation Systems, Spring 2017",1.258J,1.258J,1.258J,unresolved,unresolved,unresolved
_FXukyeNEFQ,Lab 3: ZnS:Cu LED,1,PLUl4u3cNGP6262ZsDa1WLEEO2wDck58CB,"MIT 6.S079 Nanomaker, Spring 2013",unresolved,unresolved,unresolved,unresolved,unresolved,unresolved
_Fo3Jq1blKk,"Linear Systems of Equations | MIT 18.03SC Differential Equations, Fall 2011",1,PL64BDFBDA2AF24F7E,"MIT 18.03SC Differential Equations, Fall 2011",18.03SC,18.03SC,18.03SC,mathematics_statistics,mathematics_statistics,mathematics_statistics
_FtXi0_ZMvk,Video 1:  Kanji in Tobira Lesson 1,1,PLUl4u3cNGP62Mr5APSizHgFa0hRiWgPln,"MIT Kanji Learning Any Time, Any Place For Japanese V, Spring 2022",RES.21G,unresolved,RES.21G,education_communication_media,unresolved,education_communication_media
_GRVq26jIHs,"2B. Intro 2: Biological Side of Computational Biology. Comparative Genomics, Models & A...",1,PLUl4u3cNGP61gaHWysmlYNeGsuUI8y5GV,"MIT HST.508 Genomics and Computational Biology, Fall 2002",unresolved,HST.508,HST.508,biology_medicine_neuroscience,unresolved,biology_medicine_neuroscience
_GT4SZibf5E,"Orthogonal Vectors and Subspaces | MIT 18.06SC Linear Algebra, Fall 2011",0,,,18.06SC,unresolved,18.06SC,mathematics_statistics,unresolved,mathematics_statistics
_GgdGtQME1I,4. Preflop Re-raising Theory,1,PLUl4u3cNGP6083Y-NElqTRAgKtXQxgD3g,"MIT 15.S50 How to Win at Texas Hold 'Em, IAP 2016",unresolved,unresolved,unresolved,unresolved,unresolved,unresolved
_GmzGci0Cpw,Ep. 7: Element Production (Fusion) -- Part 2,1,PLUl4u3cNGP62In5JXH39ct5JtXja3VGJJ,"MIT RES.8-007 Cosmic Origin of the Chemical Elements, Fall 2019",RES.8-007,RES.8-007,RES.8-007,engineering,engineering,engineering
_HL7qwWvON4,L17.2 LLMS Formulation,1,PLUl4u3cNGP60hI9ATjSFgLZpbNJ7myAg6,"MIT RES.6-012 Introduction to Probability, Spring 2018",RES.6-012,RES.6-012,RES.6-012,mathematics_statistics,mathematics_statistics,mathematics_statistics
_HRTdXJgZ0Q,Lecture 23: Pointwise and Uniform Convergence of Sequences of Functions,1,PLUl4u3cNGP61O7HkcF7UImpM0cR_L2gSw,"MIT 18.100A Real Analysis, Fall 2020",18.100A,18.100A,18.100A,mathematics_statistics,mathematics_statistics,mathematics_statistics
_HpMRwM6tAQ,Scenario 9: Cost-Benefit Analysis - Class Discussion,1,PLUl4u3cNGP63Dkl0BJwHaytUoOCnJx30D,MIT 11.601 Introduction to Environmental Policy and Planning,11.601,11.601,11.601,architecture_urban_studies,architecture_urban_studies,architecture_urban_studies
_IDgYAGKyuo,18. Countable-state Markov Chains and Processes,1,PLEEF5322B331C1B98,"MIT 6.262 Discrete Stochastic Processes, Spring 2011",6.262,6.262,6.262,computer_science_ai_data,computer_science_ai_data,computer_science_ai_data
_IFUfFuyQlU,11. Time Series Analysis II,1,PLUl4u3cNGP63ctJIEC1UnZ0btsphnnoHR,MIT 18.S096 Topics in Mathematics w Applications in Finance,unresolved,unresolved,unresolved,unresolved,unresolved,unresolved
_IX_9ajyOxI,L23.2 The Sum of Independent Poisson Random Variables,1,PLUl4u3cNGP60hI9ATjSFgLZpbNJ7myAg6,"MIT RES.6-012 Introduction to Probability, Spring 2018",RES.6-012,RES.6-012,RES.6-012,mathematics_statistics,mathematics_statistics,mathematics_statistics
_JGetImYLis,5.4.9 R5. Predictive Coding - Video 8: Predictive Coding Today,1,PLUl4u3cNGP61Q_FSXJUGkDJs1SMj5teGq,"MIT 15.071 The Analytics Edge, Spring 2017",15.071,15.071,15.071,economics_business_management,economics_business_management,economics_business_management
_JXPe2J069c,"Lec 21 | MIT 18.01 Single Variable Calculus, Fall 2007",1,PL590CCC2BC5AF3BC1,"MIT 18.01 Single Variable Calculus, Fall 2006",18.01,18.01,18.01,mathematics_statistics,mathematics_statistics,mathematics_statistics
_KbfL3lVgag,"Lec 10 | MIT RES.6-008 Digital Signal Processing, 1975",1,PL8157CA8884571BA2,"MIT RES.6-008 Digital Signal Processing, 1975",RES.6-008,RES.6-008,RES.6-008,unresolved,unresolved,unresolved
_L315IjxyUM,5.3.7 How IBM Built a Jeopardy Champion - Video 4: How Watson Works - Steps 1 and 2,1,PLUl4u3cNGP61Q_FSXJUGkDJs1SMj5teGq,"MIT 15.071 The Analytics Edge, Spring 2017",15.071,15.071,15.071,economics_business_management,economics_business_management,economics_business_management
_LJnCFFyF-M,Lecture 22: Happiness and Mental Health,1,PLUl4u3cNGP63Z979ri_UXXk_1zrvrF77Q,"MIT 14.13 Psychology and Economics, Spring 2020",14.13,14.13,14.13,economics_business_management,economics_business_management,economics_business_management
_MohGTvxaRk,Video 3: Technology Isn’t What You Think It Is - MIT Innovation Teams,1,PLUl4u3cNGP63FBm4EY4n6fh8dcUAnetzi,MIT 15.371/10.807/2.907 Innovation Teams Fall 2024,15.371,15.371,15.371,economics_business_management,economics_business_management,economics_business_management
_NYsYuzMLs0,Lecture 2: Contradiction and Induction,1,PLUl4u3cNGP61VNvICqk2HXJTonnKgAc9d,"MIT 6.1200J Mathematics for Computer Science,  Spring 2024",6.1200J,6.1200J,6.1200J,computer_science_ai_data,computer_science_ai_data,computer_science_ai_data
_NvBNFDldV4,Lecture 3: Where Do Game Ideas Come From?,1,PLUl4u3cNGP61_JVg12Ukxft03EJ7xxdbR,"MIT CMS.608 / CMS.864 Game Design, Fall 2010",CMS.608,CMS.608,CMS.608,education_communication_media,education_communication_media,education_communication_media
_OZXEb8FxZQ,L1.1 General problem.  Non-degenerate perturbation theory,1,PLUl4u3cNGP60Zcz8LnCDFI8RPqRhJbb4L,"MIT 8.06 Quantum Physics III, Spring 2018",8.06,8.06,8.06,physics,physics,physics
_OcgtpQvrVs,Lecture 9: Pleat Folding,1,PLUl4u3cNGP62xuxL4CQpy8uo2MeM4a3YD,"MIT 6.849 Geometric Folding Algorithms, Fall 2012",6.849,6.849,6.849,computer_science_ai_data,computer_science_ai_data,computer_science_ai_data
_OkTw766oCs,1. Introduction and Supply & Demand,1,PLUl4u3cNGP62oJSoqb4Rf-vZMGUBe59G-,"MIT 14.01 Principles of Microeconomics, Fall 2018",14.01,14.01,14.01,economics_business_management,economics_business_management,economics_business_management
_P1vVyKziWk,12. Flexology student demonstrations,1,PLUl4u3cNGP62F1epa3rqtROtvvpmljro3,"MIT 21M.355 Musical Improvisation, Spring 2013",21M.355,21M.355,21M.355,humanities_social_science,humanities_social_science,humanities_social_science
_Pdlr0jOhbQ,5: Auditory Scene Analysis,1,PLUl4u3cNGP62-9RweyYBIpkqfo5dfcuS8,"MIT 9.35 Perception, Spring 2024",9.35,9.35,9.35,biology_medicine_neuroscience,biology_medicine_neuroscience,biology_medicine_neuroscience
_PmJoExiSPo,"Lec 17 | MIT 5.60 Thermodynamics & Kinetics, Spring 2008",1,PLA62087102CC93765,"MIT 5.60 Thermodynamics & Kinetics, Spring 2008",5.60,5.60,5.60,physics,physics,physics
_PpVlwIeYpg,"Lecture 18: Overview of Taxation and Tax Base, Tax Incidence",1,PLUl4u3cNGP62KS2YhlASvGBxxL8HgB11p,"MIT 14.41 Public Finance and Public Policy, Fall 2024",14.41,14.41,14.41,economics_business_management,economics_business_management,economics_business_management
_PwhiWxHK8o,16. Learning: Support Vector Machines,1,PLUl4u3cNGP63gFHB6xb-kVBiQHYe_4hSi,"MIT 6.034 Artificial Intelligence, Fall 2010",6.034,6.034,6.034,computer_science_ai_data,computer_science_ai_data,computer_science_ai_data
_QnAUd-em3E,"Rec 9 | MIT 6.00SC Introduction to Computer Science and Programming, Spring 2011",1,PLB2BE3D6CA77BB8F7,MIT 6.00SC Introduction to Computer Science and Programming,6.00SC,6.00SC,6.00SC,computer_science_ai_data,computer_science_ai_data,computer_science_ai_data
_RIqn1c_BY8,"Lab 3: Biogas and Biodigesters, Part I: Lecture",1,PLUl4u3cNGP63kMaprSQU5oMSj-YuWeoWA,"MIT SP.775 D-Lab: Energy, Spring 2011",SP.775,SP.775,SP.775,engineering,engineering,engineering
_Rcd-NZwoi4,"R5. Overview of Cross-Linking, Including Photo-Reactive Cross-Linking Methods",1,PLUl4u3cNGP63vvR4xtexZdoPywRYIZI0-,"MIT 5.08J Biological Chemistry II, Spring 2016",5.08J,5.08J,5.08J,biology_medicine_neuroscience,biology_medicine_neuroscience,biology_medicine_neuroscience
_RqqzyWDVMA,2.10.5 Spanning Trees: Video,1,PLUl4u3cNGP60UlabZBeeqOuoLuj_KNphQ,"MIT 6.042J Mathematics for Computer Science, Spring 2015",6.042J,6.042J,6.042J,computer_science_ai_data,computer_science_ai_data,computer_science_ai_data
_RyRYO4v24w,Lecture 20: Public Finance (Part 3),1,PLUl4u3cNGP61kvh3caDts2R6LmkYbmzaG,"MIT 14.771 Development Economics, Fall 2021",14.771,14.771,14.771,economics_business_management,economics_business_management,economics_business_management
_S1CREXGfvE,1.2. Prof. Klute’s Research,1,PLUl4u3cNGP61Zc3rR6wVM0kpsiyIq0fk8,"MIT 8.20 Introduction to Special Relativity, January IAP 2021",8.20,8.20,8.20,physics,physics,physics
_SxMjq1_RrI,"7. ""In a Silent Way"" and student demonstrations",1,PLUl4u3cNGP62F1epa3rqtROtvvpmljro3,"MIT 21M.355 Musical Improvisation, Spring 2013",21M.355,21M.355,21M.355,humanities_social_science,humanities_social_science,humanities_social_science
_TEMQhpsGFg,2. Wave Nature of the Electron and the Internal Structure of an Atom,1,PLUl4u3cNGP62RsEHXe48Imi9-87FzQaJg,"MIT 5.61 Physical Chemistry, Fall 2017",5.61,5.61,5.61,unresolved,unresolved,unresolved
_TdJBLu6hPc,"Lec 15 | MIT 7.012 Introduction to Biology, Fall 2004",1,PL9F0B2048DA4690AF,"MIT 7.012 Introduction to Biology, Fall 2004",7.012,7.012,7.012,biology_medicine_neuroscience,biology_medicine_neuroscience,biology_medicine_neuroscience
_U6YamvF7BE,3. Wave-Particle Duality of Light,1,PLUl4u3cNGP63LOmB3_O0xbgZVZibxj4rb,"MIT 5.111 Principles of Chemical Science, Fall 2014",5.111,5.111,5.111,engineering,engineering,engineering
_UBh66KVAJI,"Average x-Coordinate in a Region | MIT 18.01SC Single Variable Calculus, Fall 2010",1,PL21BCE50ABFF029F1,MIT 18.01SC: Homework Help for Single Variable Calculus,18.01SC,18.01SC,18.01SC,mathematics_statistics,mathematics_statistics,mathematics_statistics
_WSXIj-goO4,Lecture 23: Corporate Taxation,1,PLUl4u3cNGP62KS2YhlASvGBxxL8HgB11p,"MIT 14.41 Public Finance and Public Policy, Fall 2024",14.41,14.41,14.41,economics_business_management,economics_business_management,economics_business_management
_WV4JlBOQro,"Lecture 17, Interpolation | MIT RES.6.007 Signals and Systems, Spring 2011",1,PL41692B571DD0AF9B,"MIT RES.6.007 Signals and Systems, 1987",RES.6.007,RES.6.007,RES.6.007,unresolved,unresolved,unresolved
_WwudFI6YRs,L9.2 The interaction picture equation in an orthonormal basis,1,PLUl4u3cNGP60Zcz8LnCDFI8RPqRhJbb4L,"MIT 8.06 Quantum Physics III, Spring 2018",8.06,8.06,8.06,physics,physics,physics
_XDm2cxC-UU,Effective potential and boundary conditions at r=0,1,PLUl4u3cNGP60cspQn3N9dYRPiyVWDd80G,"MIT 8.04 Quantum Physics I, Spring 2016",8.04,8.04,8.04,physics,physics,physics
_XM0CRvaWq0,Lecture 12: Finitely Repeated Games,1,PLUl4u3cNGP63quuKvMHCt3cmTmt0O2qpv,"MIT 14.12 Economic Applications of Game Theory, Fall 2025",14.12,14.12,14.12,economics_business_management,economics_business_management,economics_business_management
_XTuXlXav78,5. The Midget and Parasol systems,1,PLUl4u3cNGP63Wy1oqQW2oD2HBdDSY8Ghi,"MIT 9.04 Sensory Systems, Fall 2013",9.04,9.04,9.04,biology_medicine_neuroscience,biology_medicine_neuroscience,biology_medicine_neuroscience
_Y-G8sTTYsg,The Greatest Existential Threat with Prof. Robert Redwine and Dr. Jim Walsh (S4:E1),1,PLUl4u3cNGP63YwKIMA9K08FFvdeBEl6Lo,Chalk Radio® Podcast,unresolved,unresolved,unresolved,unresolved,unresolved,unresolved
_YVcjNmjHik,"Lec 22 | MIT 18.03 Differential Equations, Spring 2006",1,PLEC88901EBADDD980,"MIT 18.03 Differential Equations,  Spring 2006",18.03,18.03,18.03,mathematics_statistics,mathematics_statistics,mathematics_statistics
_Ycy0Dy-B1c,"14. Payments, Part 2",1,PLUl4u3cNGP63UUkfL0onkxF6MYgVa04Fn,"MIT 15.S12 Blockchain and Money, Fall 2018",unresolved,unresolved,unresolved,unresolved,unresolved,unresolved
_YpkKYmQBwY,"Lec 24 | MIT 5.112 Principles of Chemical Science, Fall 2005",1,PLB3953F4F875AB0B3,"MIT 5.112 Principles of Chemical Science, Fall 2005",5.112,5.112,5.112,engineering,engineering,engineering
_ZG2U_lfc1Q,Video 2: Scalar Triple Product,1,PLUl4u3cNGP60DHnW0T9njV2tNlcns2Feb,"MIT Indian Institutes of Technology Joint Entrance Exam Preparation, Fall 2016",HFH.101,unresolved,HFH.101,unresolved,unresolved,unresolved
_ZVnrpjI_VU,Collaboration: Introduction to Git/Github,1,PLUl4u3cNGP60ZaGv5SgpIk67YnH1WqCLI,"MIT RES.3-003 Learn to Build Your Own Videogame with the Unity Game Engine and Microsoft Kinect, IAP 2017",RES.3-003,RES.3-003,RES.3-003,unresolved,unresolved,unresolved
_ZZ6jwuBJxc,Preparing for Lectures,1,PLUl4u3cNGP63vgoqGQDciPo6V5TPI0u9r,How We Teach: 5.111SC Principles of Chemical Science,unresolved,unresolved,unresolved,unresolved,unresolved,unresolved
__NxbJzEMCU,"Part III: Partial Derivatives, Lec 5 | MIT Calculus Revisited: Multivariable Calculus",1,PL1C22D4DED943EF7B,MIT Calculus Revisited: Multivariable Calculus,unresolved,unresolved,unresolved,mathematics_statistics,unresolved,mathematics_statistics
__T3eJtjoic,L01.3 Sample Space Examples,1,PLUl4u3cNGP60hI9ATjSFgLZpbNJ7myAg6,"MIT RES.6-012 Introduction to Probability, Spring 2018",RES.6-012,RES.6-012,RES.6-012,mathematics_statistics,mathematics_statistics,mathematics_statistics
__knqdOcWTM,24. Running a Game Studio (Guest Lecture by Michael Carriere and Jenna Hoffstein),1,PLUl4u3cNGP61V4W6yRm1Am5zI94m33dXk,"MIT CMS.611J Creating Video Games, Fall 2014",CMS.611J,CMS.611J,CMS.611J,education_communication_media,education_communication_media,education_communication_media
__tGxUu5BTc,4. Thermodynamics Part 4,1,PLUl4u3cNGP60gl3fdUTKRrt5t_GPx2sRg,"MIT 8.333 Statistical Mechanics I: Statistical Mechanics of Particles, Fall 2013",8.333,8.333,8.333,physics,physics,physics
_aMhpf6CK90,"Lec 22 | MIT 6.013 Electromagnetics and Applications, Fall 2",1,PL502E7BF2CF94D753,"MIT 6.013 Electromagnetics and Applications, Fall 2005",6.013,6.013,6.013,computer_science_ai_data,computer_science_ai_data,computer_science_ai_data
_ax4eNMI9Dw,Method Call,1,PLUl4u3cNGP63WbdFxL8giv4yhgdMGaZNA,6.0001 Introduction to Computer Science and Programming in Python. Fall 2016,6.0001,unresolved,6.0001,computer_science_ai_data,unresolved,computer_science_ai_data
_ax_ViGCxLI,"Lec 19 | MIT 5.80 Small-Molecule Spectroscopy and Dynamics, Fall 2008",1,PL683876BE6097A1C2,"MIT 5.80 Small-Molecule Spectroscopy and Dynamics, Fall 2008",5.80,5.80,5.80,unresolved,unresolved,unresolved
_ayCen0j-0w,"19. Classical Size Effects, Parallel Direction",1,PLUl4u3cNGP63jpW5Wg3MpmJIei_PCS_03,"MIT 2.57 Nano-to-Micro Transport Processes, Spring 2012",2.57,2.57,2.57,engineering,engineering,engineering
_bTZbn7M2Hc,L1.4 First order correction to the state. Second order correction to energy,1,PLUl4u3cNGP60Zcz8LnCDFI8RPqRhJbb4L,"MIT 8.06 Quantum Physics III, Spring 2018",8.06,8.06,8.06,physics,physics,physics
_bjy6AMn5aY,7. Aesthetics and Player Experience,1,PLUl4u3cNGP63YWzCDORR965yCmHiCKF9Z,"MIT CMS.608 Game Design, Spring 2014",CMS.608,CMS.608,CMS.608,education_communication_media,education_communication_media,education_communication_media
_crDeSDpB20,Lec 13: Oligopoly I,1,PLUl4u3cNGP60V7HxLYRaJMbFzP77bzEjb,"MIT 14.01 Principles of Microeconomics, Fall 2023",14.01,14.01,14.01,economics_business_management,economics_business_management,economics_business_management
_d-sBKShO90,8. Economics of Energy Demand,1,PLUl4u3cNGP62JKM25M14gy0qaHWx3QyjP,"MIT 15.031J Energy Decisions, Markets, Policies, Spring 2012",15.031J,15.031J,15.031J,economics_business_management,economics_business_management,economics_business_management
_d27jyqzoKQ,"Lec 5 | MIT Finite Element Procedures for Solids and Structures, Nonlinear Analysis",1,PL75C727EA9F6A0E8B,MIT Nonlinear Finite Element Analysis,unresolved,unresolved,unresolved,unresolved,unresolved,unresolved
_dZtcXCwIFw,14. Innovation and Energy Business Models,1,PLUl4u3cNGP62JKM25M14gy0qaHWx3QyjP,"MIT 15.031J Energy Decisions, Markets, Policies, Spring 2012",15.031J,15.031J,15.031J,economics_business_management,economics_business_management,economics_business_management
_dhcifVwZlA,Day 1 | Deliberative Democracy and Dispute Resolution,1,PL69812EA7D6099DB5,MIT 11.969 Deliberative Democracy and Dispute Resolution,unresolved,11.969,11.969,unresolved,architecture_urban_studies,architecture_urban_studies
_e2nDnV7FQs,Lecture 18: Applying Data Science and Artificial Intelligence to Managing Biomedical Portfolios,1,PLUl4u3cNGP601Q2jo-J_3raNCMMs6Jves,"MIT 18.642 Topics in Mathematics with Applications in Finance, Fall 2024",18.642,18.642,18.642,mathematics_statistics,mathematics_statistics,mathematics_statistics
_eGNSuTBc60,11. Blockchain Economics,1,PLUl4u3cNGP63UUkfL0onkxF6MYgVa04Fn,"MIT 15.S12 Blockchain and Money, Fall 2018",unresolved,unresolved,unresolved,economics_business_management,unresolved,economics_business_management
_eiT4CEBlX8,MIT Photographer explains one thing AI can never do,1,PLUl4u3cNGP60xNyFLjBzgO8wpiAxFnnyq,Lecture Clips,unresolved,unresolved,unresolved,unresolved,unresolved,unresolved
_erP4SBOXRI,Elements on Fire | MIT Chemistry Behind the Magic,1,PLUl4u3cNGP63UxHfpB-qh6rGkVVZNbtxo,MIT Chemistry Behind the Magic,unresolved,unresolved,unresolved,unresolved,unresolved,unresolved
_fJZbeVeBxg,10. The Killing Curve | MIT ChemLab Boot Camp,1,PLUl4u3cNGP62RGk3NhGPDaOBLH9eRmjOL,ChemLab Boot Camp,unresolved,unresolved,unresolved,unresolved,unresolved,unresolved
_fWt9yHslDo,35. Reproductive Cloning and Embryonic Stem Cells,1,PLUl4u3cNGP63LmSVIVzy584-ZbjbJ-Y63,"MIT 7.016 Introductory Biology, Fall 2018",7.016,7.016,7.016,biology_medicine_neuroscience,biology_medicine_neuroscience,biology_medicine_neuroscience
_fXQ1SwKjDg,Lecture 4A: Pattern Matching and Rule-based Substitution,1,PLE18841CABEA24090,"MIT 6.001 Structure and Interpretation, 1986",6.001,6.001,6.001,computer_science_ai_data,computer_science_ai_data,computer_science_ai_data
_gqsatXDIJ4,Lecture 16: Partial Molar Properties,1,PLUl4u3cNGP61g-yRbJz4ghFPJLiok1HxX,"MIT 3.020 Thermodynamics of Materials, Spring 2021",3.020,3.020,3.020,engineering,engineering,engineering
_gsDTzOpiKo,"Lecture 19: Motor System, 1",0,,,9.01,unresolved,9.01,biology_medicine_neuroscience,unresolved,biology_medicine_neuroscience
_hDfZF64wic,L14.10 Summary,1,PLUl4u3cNGP60hI9ATjSFgLZpbNJ7myAg6,"MIT RES.6-012 Introduction to Probability, Spring 2018",RES.6-012,RES.6-012,RES.6-012,mathematics_statistics,mathematics_statistics,mathematics_statistics
_hYaOtW4XY4,"Rec 2 | MIT 18.085 Computational Science and Engineering I, Fall 2008",1,PLF706B428FB7BD52C,"MIT 18.085 Computational Science & Engineering I, Fall 2008",18.085,18.085,18.085,mathematics_statistics,mathematics_statistics,mathematics_statistics
_i0yWRrEesM,13. EM Wave Propagation Through Thin Films & Multilayers,1,PLUl4u3cNGP63jpW5Wg3MpmJIei_PCS_03,"MIT 2.57 Nano-to-Micro Transport Processes, Spring 2012",2.57,2.57,2.57,engineering,engineering,engineering
_iNqssktTto,Lecture 4: Time Preferences (Theory) II,1,PLUl4u3cNGP63Z979ri_UXXk_1zrvrF77Q,"MIT 14.13 Psychology and Economics, Spring 2020",14.13,14.13,14.13,economics_business_management,economics_business_management,economics_business_management
_iSqhxWjkq8,19. Spectroscopy: Probing Molecules with Light,1,PLUl4u3cNGP62RsEHXe48Imi9-87FzQaJg,"MIT 5.61 Physical Chemistry, Fall 2017",5.61,5.61,5.61,unresolved,unresolved,unresolved
_ieUdiazvmA,Core Sub-task Presentation II,1,PL3C69700955EB813B,"MIT 22.033 Nuclear Systems Design Project, Fall 2011",22.033,22.033,22.033,engineering,engineering,engineering
_jKHejk45Sg,"Lec 6 | MIT 2.71 Optics, Spring 2009",1,PLEA084AC2DD3CEC09,"MIT 2.71 Optics, Spring 2009",2.71,2.71,2.71,engineering,engineering,engineering
_jPVD45YYlk,Consistency condition. Particle on a circle,1,PLUl4u3cNGP60cspQn3N9dYRPiyVWDd80G,"MIT 8.04 Quantum Physics I, Spring 2016",8.04,8.04,8.04,physics,physics,physics
_jSFwF8rMdY,"Lecture 18: Random Walks on Finite Groups, Part 2",1,PLUl4u3cNGP62K9_7Pg26ytrAOXwXFpN43,"MIT 18.156 Projection Theory, Spring 2025",18.156,18.156,18.156,mathematics_statistics,mathematics_statistics,mathematics_statistics
_jz3HWBmruo,Safety guideline for COVID-19: Transient aerosol buildup,1,PLUl4u3cNGP62-vPzt_GMdZRflJPjNdspG,"MIT RES.10-S95 Physics of COVID-19 Transmission, Fall 2020",RES.10-S95,RES.10-S95,RES.10-S95,physics,physics,physics
_kKIQ1h9UuA,"16. 2D and 3D waves, Snell's Law",1,PLUl4u3cNGP61R5sPDPKVfcFlu95wSs2Kx,"MIT 8.03SC Physics III: Vibrations and Waves, Fall 2016",8.03SC,8.03SC,8.03SC,physics,physics,physics
_kx9OzsCL4I,R3. Pre-Steady State and Steady-State Kinetic Methods Applied to Translation,1,PLUl4u3cNGP63vvR4xtexZdoPywRYIZI0-,"MIT 5.08J Biological Chemistry II, Spring 2016",5.08J,5.08J,5.08J,biology_medicine_neuroscience,biology_medicine_neuroscience,biology_medicine_neuroscience
_l9y2Kv8VHw,L18.7 Convergence in Probability Examples,1,PLUl4u3cNGP60hI9ATjSFgLZpbNJ7myAg6,"MIT RES.6-012 Introduction to Probability, Spring 2018",RES.6-012,RES.6-012,RES.6-012,mathematics_statistics,mathematics_statistics,mathematics_statistics
_ly5LmLte50,8. Form perception,1,PLUl4u3cNGP63Wy1oqQW2oD2HBdDSY8Ghi,"MIT 9.04 Sensory Systems, Fall 2013",9.04,9.04,9.04,biology_medicine_neuroscience,biology_medicine_neuroscience,biology_medicine_neuroscience
_m4Gvu90Ydw,"Lec 1 | MIT 7.012 Introduction to Biology, Fall 2004",1,PL9F0B2048DA4690AF,"MIT 7.012 Introduction to Biology, Fall 2004",7.012,7.012,7.012,biology_medicine_neuroscience,biology_medicine_neuroscience,biology_medicine_neuroscience
_mqFIqnCPak,5.2 Worked Example: Gravity - Superposition,1,PLUl4u3cNGP61qDex7XslwNJ-xxxEFzMNV,"MIT 8.01SC Classical Mechanics, Fall 2016",8.01,8.01SC,8.01,physics,physics,physics
_n1OOWghLPc,Lec 26 | MIT 3.091 Introduction to Solid State Chemistry,1,PL3B87AF6948F5E8F9,"MIT 3.091 Introduction to Solid State Chemistry, Fall 2004",3.091,3.091,3.091,engineering,engineering,engineering
_naTiUQOq34,4.5 Lorentz Transformation,1,PLUl4u3cNGP61Zc3rR6wVM0kpsiyIq0fk8,"MIT 8.20 Introduction to Special Relativity, January IAP 2021",8.20,8.20,8.20,physics,physics,physics
_nbtaQtX6JA,"Definition of the Derivative | MIT 18.01SC Single Variable Calculus, Fall 2010",1,PL21BCE50ABFF029F1,MIT 18.01SC: Homework Help for Single Variable Calculus,18.01SC,18.01SC,18.01SC,mathematics_statistics,mathematics_statistics,mathematics_statistics
_nct_bjbX6E,Advice for Next Teaching Generation: Focus Curricula on the Microbial World,1,PLUl4u3cNGP61ALtpA6uK41vIwckUhK5u2,"How We Teach: 5.07SC Biological Chemistry I, Fall 2013",5.07SC,unresolved,5.07SC,unresolved,unresolved,unresolved
_oKLtT7F9hg,"Lec 17 | MIT 6.450 Principles of Digital Communications I, Fall 2006",1,PL2AD004D035C24F21,"MIT 6.450 Principles of Digital Communications, I Fall 2006",6.450,6.450,6.450,computer_science_ai_data,computer_science_ai_data,computer_science_ai_data
_ozQJncmJYk,1.4.5 R1. Understanding Food - Video 4: Creating Plots in R,0,,,15.071,unresolved,15.071,economics_business_management,unresolved,economics_business_management
_p3NpyfNp78,L2.1 Remarks and validity of the perturbation series,1,PLUl4u3cNGP60Zcz8LnCDFI8RPqRhJbb4L,"MIT 8.06 Quantum Physics III, Spring 2018",8.06,8.06,8.06,physics,physics,physics
_qDdzzBDoPc,Highlights for High School Guided Tour 2009,0,,,unresolved,unresolved,unresolved,unresolved,unresolved,unresolved
_qTVDxXBK5A,Nick Cheney: Capturing Neural Plasticity in Deep Networks,1,PLUl4u3cNGP61RTZrT3MIAikp2G5EEvTjf,"MIT RES.9-003 Brains, Minds and Machines Summer Course, Summer 2015",RES.9-003,RES.9-003,RES.9-003,unresolved,biology_medicine_neuroscience,biology_medicine_neuroscience
_qixt0NLc9I,Laser Fundamentals III | MIT Understanding Lasers and Fiberoptics,1,PL6F914D0CF944737A,MIT Understanding Lasers and Fiberoptics,unresolved,unresolved,unresolved,physics,unresolved,physics
_r7pI2_FjSg,Applying Newton's 2nd Law,1,PLUl4u3cNGP61qDex7XslwNJ-xxxEFzMNV,"MIT 8.01SC Classical Mechanics, Fall 2016",8.01,8.01SC,8.01,physics,physics,physics
_rU1VmnyYG0,Video 29: Analytical Microreactor Case Study,1,PLUl4u3cNGP63Aq55nsHOxWyzKzohEOiDf,"MIT RES.10-001 Making Science and Engineering Pictures: A Practical Guide to Presenting Your Work, Spring 2016",RES.10-001,RES.10-001,RES.10-001,engineering,engineering,engineering
_sNtz_Z5MA4,Airborne disease transmission in a well-mixed room: Drop-size distributions,1,PLUl4u3cNGP62-vPzt_GMdZRflJPjNdspG,"MIT RES.10-S95 Physics of COVID-19 Transmission, Fall 2020",RES.10-S95,RES.10-S95,RES.10-S95,physics,physics,physics
_sUVXHfUVsY,Optics: Half-wave plate | MIT Video Demonstrations in Lasers and Optics,1,PL4E7FAAD67B171EBC,MIT RES.6-006 Video Demonstrations in Lasers and Optics,unresolved,RES.6-006,RES.6-006,physics,physics,physics
_shuV1tJbTU,"4. Risk Stratification, Part 1",1,PLUl4u3cNGP60B0PQXVQyGNdCyCTDU1Q5j,"MIT 6.S897 Machine Learning for Healthcare, Spring 2019",unresolved,unresolved,unresolved,unresolved,unresolved,unresolved
_svW8NV1A6k,"Lecture 0: Tomaso Poggio - Introduction to Brains, Minds, and Machines",1,PLUl4u3cNGP61RTZrT3MIAikp2G5EEvTjf,"MIT RES.9-003 Brains, Minds and Machines Summer Course, Summer 2015",RES.9-003,RES.9-003,RES.9-003,biology_medicine_neuroscience,biology_medicine_neuroscience,biology_medicine_neuroscience
_tZ102Wi0hE,Lecture 19: Fundamental Theorem of Calculus,1,PLUl4u3cNGP62Ie7F_tTAhhXoX5_Cl8meG,"MIT 18.100B Real Analysis, Spring 2025",18.100B,18.100B,18.100B,mathematics_statistics,mathematics_statistics,mathematics_statistics
_tdj84EV7BI,9. Foams: Thermal Properties,1,PLUl4u3cNGP611bupB7ohUYEScjWb60mWW,"MIT 3.054 Cellular Solids: Structure, Properties and Applications, Spring 2015",3.054,3.054,3.054,engineering,engineering,engineering
_uKBaTKZa6c,Optics: Fringe contrast - polarization difference | MIT Video Demonstrations in Lasers and Optics,1,PL4E7FAAD67B171EBC,MIT RES.6-006 Video Demonstrations in Lasers and Optics,unresolved,RES.6-006,RES.6-006,physics,physics,physics
_uNWqE3LS1E,23. Black holes II,1,PLUl4u3cNGP629n_3fX7HmKKgin_rqGzbx,"MIT 8.962 General Relativity, Spring 2020",8.962,8.962,8.962,physics,physics,physics
_uq3aNIM-IU,Session 2.1: More About Methane Leaks,1,PLUl4u3cNGP61xqZslNqA-MO4n6MHG2Dio,"MIT RES.ENV-001 Climate Action Hands-On: Harnessing Science with Communities to Cut Carbon, IAP 2017",unresolved,unresolved,unresolved,unresolved,unresolved,unresolved
_vA3IT2KZs0,Polymer Strength (Intro to Solid-State Chemistry),1,PLUl4u3cNGP61q4qJ1vdkBbiWn3AF1q5SQ,“Why This Matters” Moments: Highlights from 3.091 Intro to Solid-State Chemistry,3.091,unresolved,3.091,engineering,unresolved,engineering
_vyke3vF4Nk,"Lecture 4, Convolution | MIT RES.6.007 Signals and Systems, Spring 2011",1,PL41692B571DD0AF9B,"MIT RES.6.007 Signals and Systems, 1987",RES.6.007,RES.6.007,RES.6.007,unresolved,unresolved,unresolved
_wctRwpa6j4,Class 5: Tessellations & Modulars,1,PLUl4u3cNGP62xuxL4CQpy8uo2MeM4a3YD,"MIT 6.849 Geometric Folding Algorithms, Fall 2012",6.849,6.849,6.849,computer_science_ai_data,computer_science_ai_data,computer_science_ai_data
_xu-p6Ffh-A,"Lec 26 | MIT 3.091SC Introduction to Solid State Chemistry, Fall 2010",1,PL36EC6A6180271B0F,"MIT 3.091SC Introduction to Solid State Chemistry, Fall 2010",3.091SC,3.091SC,3.091SC,engineering,engineering,engineering
_yJsO5955ZE,L05.8 Expectation,1,PLUl4u3cNGP60hI9ATjSFgLZpbNJ7myAg6,"MIT RES.6-012 Introduction to Probability, Spring 2018",RES.6-012,RES.6-012,RES.6-012,mathematics_statistics,mathematics_statistics,mathematics_statistics
_yornlzBHL4,Helping Students Cultivate Identities as Scientists,1,PLUl4u3cNGP6393Jj6WMmNd1_pOs0UDq2R,"How We Teach: MIT 8.13-14 Experimental Physics I & II “Junior Lab”, Fall 2016 - Spring 2017",8.13,8.13,8.13,physics,physics,physics
_zWgGX71Iws,Six Myths of Entrepreneurship,1,PLUl4u3cNGP63CLq-GxVm4VSr-0iKAS-07,"MIT 15.390 New Enterprises, Spring 2013",15.390,15.390,15.390,economics_business_management,economics_business_management,economics_business_management
